{"packages/cupertino_icons/assets/CupertinoIcons.ttf":["packages/cupertino_icons/assets/CupertinoIcons.ttf"],"assets/images/advento-insulina.jpg":["assets/images/advento-insulina.jpg"],"assets/images/agulhas-ponta.PNG":["assets/images/agulhas-ponta.PNG"],"assets/images/agulhas.jpeg":["assets/images/agulhas.jpeg"],"assets/images/aplicacao-insulina.gif":["assets/images/aplicacao-insulina.gif"],"assets/images/aplicando-iport.jpeg":["assets/images/aplicando-iport.jpeg"],"assets/images/canetas_descartaveis.jpeg":["assets/images/canetas_descartaveis.jpeg"],"assets/images/canetas_permanentes.jpeg":["assets/images/canetas_permanentes.jpeg"],"assets/images/cronologia-insulina.jpg":["assets/images/cronologia-insulina.jpg"],"assets/images/descarte-com-florzinhas-2.png":["assets/images/descarte-com-florzinhas-2.png"],"assets/images/descarte-com-florzinhas.jpeg":["assets/images/descarte-com-florzinhas.jpeg"],"assets/images/descarte-correto-ilustracao.jpeg":["assets/images/descarte-correto-ilustracao.jpeg"],"assets/images/descarte-correto.jpeg":["assets/images/descarte-correto.jpeg"],"assets/images/descarte-insumos-caixa-amarela.jpeg":["assets/images/descarte-insumos-caixa-amarela.jpeg"],"assets/images/exercicio.gif":["assets/images/exercicio.gif"],"assets/images/galao-ilustracao.jpeg":["assets/images/galao-ilustracao.jpeg"],"assets/images/galoes.jpeg":["assets/images/galoes.jpeg"],"assets/images/homogeneizacao-maos.jpeg":["assets/images/homogeneizacao-maos.jpeg"],"assets/images/homogeneizacao.jpeg":["assets/images/homogeneizacao.jpeg"],"assets/images/homogeneiza%C2%87ao-nph.gif":["assets/images/homogeneiza%C2%87ao-nph.gif"],"assets/images/ilustracao-iport.jpeg":["assets/images/ilustracao-iport.jpeg"],"assets/images/injecao_insulina.jpeg":["assets/images/injecao_insulina.jpeg"],"assets/images/locais-de-aplicacao.jpeg":["assets/images/locais-de-aplicacao.jpeg"],"assets/images/multiplas-doses-insulina.jpeg":["assets/images/multiplas-doses-insulina.jpeg"],"assets/images/propriedades-farmaceuticas-das-insulinas-e-analogos.jpg":["assets/images/propriedades-farmaceuticas-das-insulinas-e-analogos.jpg"],"assets/images/sensor-de-glicose-continuo.png":["assets/images/sensor-de-glicose-continuo.png"],"assets/images/seringas-espaco-residual.PNG":["assets/images/seringas-espaco-residual.PNG"],"assets/images/sistema-flash.jpeg":["assets/images/sistema-flash.jpeg"],"assets/images/tabela_agulhas.jpeg":["assets/images/tabela_agulhas.jpeg"],"assets/images/tabela_agulhas.png":["assets/images/tabela_agulhas.png"],"assets/images/tipos-de-insulina-e-tempo-de-acao.jpg":["assets/images/tipos-de-insulina-e-tempo-de-acao.jpg"],"assets/images/tipos-de-insulina-e-tempo-de-acao2.jpg":["assets/images/tipos-de-insulina-e-tempo-de-acao2.jpg"],"assets/images/tipos-de-seringas.PNG":["assets/images/tipos-de-seringas.PNG"]}